epoch,train_loss,validation_loss,actor_loss,critic_loss,td_loss,cql_penalty,robustness_loss,gate_aux_loss,fatigue_reward,power_penalty,actuation_penalty,smoothness_penalty,mean_reward,mean_action_magnitude,mean_yaw_action,no_action_rate,mean_DEL_ratio,fatigue_relief_percent,power_loss_percent,actuator_duty,matched_sweep_objective,pct_of_oracle,coverage_pct,IoT_clean_performance,IoT_degraded_performance,IoT_performance_gap,gate_mean,benefit_mean,q1_mean,q2_mean,target_q_mean,actor_grad_norm,critic_grad_norm,learning_rate,learning_rate_critic,iot_degraded_batch_fraction,epoch_seconds
1,3.330576329644622,0.0888730809092521,0.0339225682793027,3.2966537613653197,0.13895694917794,3.1576968024006,0.0007802607306784,0.2563672714819342,0.0309277709253813,0.1701597742123911,0.0087493428199719,0.0056563607627665,-0.1536377072334289,0.3524651121932615,0.0984818022254115,0.4226851851851851,0.966566225601199,3.343377439880124,1.4746115666928148,0.1324517720596886,0.027365219921747,69.04394404887077,100.0,0.027365219921747,0.0273455538881415,1.966603360546021e-05,0.5018460750579834,0.5487846732139587,-0.462554073055922,-0.4599144724276611,-0.4699052415661893,0.0420947452470407,2.7470191408180247,0.001,0.0003,0.4745762711864407,3.8777496814727774
2,0.466641780788784,0.0884360894560813,0.0254312660439876,0.4412105147447963,1.37739483119741,-0.9361843171261124,0.0008134197295261,0.1921366951138959,0.0305978764305617,0.1719492890541622,0.0087069048395614,0.0056484139948856,-0.1557067334651947,0.371592747795599,0.0906490695050573,0.4219650205761316,0.9650394394435138,3.496056055648643,1.6856847993733632,0.1362803810918301,0.0270728521735503,68.30628425640772,100.0,0.0270728521735503,0.0269676238674682,0.0001052283060821,0.4816718101501465,0.5566902160644531,-1.5449805847332303,-1.542909018232324,-1.553426055416549,0.0345375708877871,19.913553830593997,0.001,0.0003,0.4858757062146893,4.099269866943359
3,7.007815642703303,0.0884849652647972,0.0254823152859837,6.98233332741732,10.243036484314224,-3.260703153529409,0.0007738201055049,0.1940202567368577,0.0307935927438699,0.171097708992115,0.0087319193895038,0.0056478996912636,-0.1546839326620102,0.3457213320366625,0.064860882082861,0.4606481481481481,0.9657151871045038,3.4284812895496266,1.068593776908942,0.1303931997357001,0.0323113425053292,81.52328139372868,100.0,0.0323113425053292,0.0321610149541555,0.0001503275511737,0.4956585764884949,0.5351632833480835,-4.228410311337918,-4.2306653503644265,-4.257317690526024,0.0350675885434036,66.05322177261957,0.001,0.0003,0.5056497175141242,3.9114603996276855
4,29.20622713118792,0.0828820839524269,0.0247643341199826,29.181462797067933,33.399810373446364,-4.218347513069541,0.0007487851430544,0.187887661874631,0.0310161405423883,0.1719384999412561,0.0087540057941058,0.0056556902045224,-0.1553320586681366,0.35300787617282,0.0483719010683519,0.4492798353909465,0.9660206487770736,3.397935122292651,1.3672148315971937,0.1306951853928623,0.0292989168010222,73.92276685833248,100.0,0.0292989168010222,0.0291848006297179,0.0001141161713042,0.4786528646945953,0.5427912473678589,-8.192165420553778,-8.193811039466642,-8.229038854103305,0.0334839239548155,148.48060003377623,0.001,0.0003,0.4661016949152542,3.97486424446106
5,68.26414730941804,0.0822884663939476,0.0241695105250777,68.23997779889295,72.71182633523887,-4.471848541733909,0.0006782042145595,0.1823713249069149,0.0307616002554348,0.1725772727031162,0.0087302584734138,0.0056683096034159,-0.1562142223119735,0.3548862075803288,0.048515158160159,0.4415637860082304,0.9662232669164256,3.377673308357434,1.4392776821208555,0.1314629300499441,0.0283288541730271,71.47524588087559,100.0,0.0283288541730271,0.0283730398849473,-4.41857119202263e-05,0.481827974319458,0.5491548180580139,-12.936426733846718,-12.932555125931565,-12.980571353502866,0.0351296769991769,281.26765543188753,0.001,0.0003,0.5084745762711864,3.8868255615234375
6,124.54574477462634,0.0813823491334915,0.0240783717556946,124.52166640287064,129.17145348672813,-4.649786978791663,0.000698214288541,0.1820128116398881,0.0307363140414584,0.172473691387632,0.0087235593004288,0.005639731655396,-0.1561006754636764,0.3561449149992283,0.0587777992743403,0.4412037037037037,0.9662894863009897,3.3710513699010387,1.436636049382089,0.1311767627567114,0.0282640080973395,71.31163569121293,100.0,0.0282640080973395,0.0282739262961954,-9.91819885582182e-06,0.484590083360672,0.5520771145820618,-18.1295046483056,-18.123676895421777,-18.19554301709105,0.0344783629653817,465.6562215945141,0.001,0.0003,0.4830508474576271,3.8397819995880127
7,186.93385748949305,0.0804361253976821,0.0241241320904533,186.90973335740256,191.67399426907468,-4.764260852404234,0.0006428172040614,0.1822584940299476,0.0307361802859645,0.1716717486551477,0.008732281802461,0.0056295240112205,-0.1552973687648773,0.3446989755437846,0.0758951919127854,0.4520576131687243,0.966145888091004,3.3854111908996,1.354110680135593,0.1275230395129525,0.029337744598666,74.02073151184975,100.0,0.029337744598666,0.0292834760325604,5.4268566105533655e-05,0.50388103723526,0.5455135703086853,-23.63389990962831,-23.62926420653607,-23.685820434053067,0.0358794910443873,700.5933115468861,0.001,0.0003,0.4576271186440678,3.973311901092529
8,266.1159633191376,0.082276351749897,0.0236455763211358,266.0923177428165,271.02616227144574,-4.933844426257462,0.0005718530500763,0.1782807895524353,0.0303446145864402,0.1720686799492341,0.0087111025376662,0.0056278106123027,-0.156062975525856,0.3628593719336018,0.0767151401397993,0.4394032921810699,0.965707385342464,3.42926146575358,1.4159721311004336,0.1350351137860139,0.029225808552271,73.73831075490182,100.0,0.029225808552271,0.0292898210083356,-6.401245606462228e-05,0.4890485405921936,0.5583266615867615,-29.604106509752867,-29.59631940335204,-29.64813918851863,0.0373858140707857,989.9930140608448,0.001,0.0003,0.5225988700564972,3.864288091659546
9,353.56186854861426,0.0801801010966301,0.0233028644411745,353.5385656841731,358.47458454713984,-4.936018949174612,0.0006097015951148,0.1745883208715309,0.0308699057096422,0.1721325675541651,0.0086873291848789,0.0056302601684642,-0.1555802226066589,0.3564168241774944,0.0483341997103914,0.4495884773662551,0.9654371051997576,3.4562894800242487,1.50642899686272,0.1320576018086319,0.0287362984028901,72.50324991994928,100.0,0.0287362984028901,0.0287221229565153,1.4175446374792984e-05,0.5026499629020691,0.5434948801994324,-35.375198197230105,-35.36431468812759,-35.48931386376505,0.0362991851854459,1328.3266582596773,0.0005,0.00015,0.4774011299435028,3.868486166000366
