,value
status,FIXED - verified against current aero.response()
historical_affected_fraction_before_fix,0.066
historical_max_raw_cp_ratio_before_fix,1.0485438540305816
affected_transitions_after_fix,6
affected_fraction_after_fix,4.6296296296296294e-05
affected_share_by_wind_band_pct_after_fix,"{'3-6': 0.01804511278195489, '6-9': 0.0, '9-12': 0.016301689941857305, '12-16': 0.0, '16-20': 0.0, '20-25': 0.0}"
worst_power_increase_w_dense_sweep,0.0
worst_thrust_increase_n_dense_sweep,0.0
feather_policy_6_12ms_free_relief_fraction_after_fix,0.0
